id,session_id,ts,type,payload
1,a464811d8e794f2d801e3be74b2c4782,"2025-07-16 17:58:57.503309",generate,"{""modes"": ""music,tags,images"", ""folder"": ""20250716_135740_a9334b"", ""latency"": 77.02625608292874}"
2,dd56cea0-e7b8-43ad-89b4-503fab52be37,"2025-07-16 17:58:57.512687",generate_click,"{""modes"": ""music,tags,images"", ""language"": ""en""}"
3,8d5b1e645a4247e98b11b3510470f2ff,"2025-07-16 17:58:57.553697",fetch_output,"{""path"": ""20250716_135740_a9334b/images/soft_sfumato_texture_abstract_art_0.jpg""}"
4,8e849cb3849f427e9b839a482604d491,"2025-07-16 17:58:57.554999",fetch_output,"{""path"": ""20250716_135740_a9334b/images/muted_earth_tones_abstract_art_0.jpg""}"
5,78a516e173d844248cb01fb81e9c889d,"2025-07-16 17:58:57.556654",fetch_output,"{""path"": ""20250716_135740_a9334b/images/enigmatic_smile_illustration_abstract_art_0.jpg""}"
6,78ebb97b84544bd2a766ce3e2ff53f20,"2025-07-16 17:58:57.557461",fetch_output,"{""path"": ""20250716_135740_a9334b/images/gentle_chiaroscuro_abstract_art_0.jpg""}"
7,084a7b982c7c4ca4a769e91ed4358a8b,"2025-07-16 17:58:57.558475",fetch_output,"{""path"": ""20250716_135740_a9334b/images/subtle_facial_expression_animation_abstract_art_0.jpg""}"
8,812c8088f68c4affbd7e97f28a8fd66e,"2025-07-16 17:58:57.564707",fetch_output,"{""path"": ""20250716_135740_a9334b/images/classical_portrait_style_abstract_art_0.jpg""}"
9,8e79b404a49740d9b5d135581359b979,"2025-07-16 17:58:57.574168",fetch_output,"{""path"": ""20250716_135740_a9334b/images/timeless_elegance_abstract_art_0.jpg""}"
10,dced46855b1c49a7b7ca9847a26cf6e5,"2025-07-16 17:58:57.579398",fetch_output,"{""path"": ""20250716_135740_a9334b/images/calm_and_mysterious_mood_abstract_art_0.jpg""}"
11,29a8320c52394c9796844b9a8127764e,"2025-07-16 17:59:01.729106",fetch_output,"{""path"": ""20250716_135740_a9334b/images/peaceful_landscape_background_painting_abstract_art_0.jpg""}"
12,cb37255bb0534493b86c05fac6d77239,"2025-07-16 17:59:01.730262",fetch_output,"{""path"": ""20250716_135740_a9334b/images/warm_golden_light_abstract_art_0.jpg""}"
13,834ff47ad48c453da2340eb2908a64ed,"2025-07-16 17:59:01.730800",fetch_output,"{""path"": ""20250716_135740_a9334b/images/blurred_atmospheric_depth_abstract_art_0.jpg""}"
14,65272087eed3445fb4052844136e9353,"2025-07-16 17:59:01.731448",fetch_output,"{""path"": ""20250716_135740_a9334b/images/vintage_oil_painting_effect_abstract_art_0.jpg""}"
15,5fc6986d8d294556b613d398a2962bd6,"2025-07-16 17:59:01.732305",fetch_output,"{""path"": ""20250716_135740_a9334b/images/serene_and_contemplative_aura_abstract_art_0.jpg""}"
16,5b4b054466ec4762904ef87d7772f887,"2025-07-16 17:59:01.732960",fetch_output,"{""path"": ""20250716_135740_a9334b/images/playful_hand_gesture_cartoon_abstract_art_0.jpg""}"
17,0cb23ad007a94822beb90533fd204b8b,"2025-07-16 17:59:01.747500",fetch_output,"{""path"": ""20250716_135740_a9334b/images/smooth_brushstroke_texture_abstract_art_0.gif""}"
18,2ae9679fe0f64249b50b034a36a7facc,"2025-07-16 17:59:01.748163",fetch_output,"{""path"": ""20250716_135740_a9334b/images/balanced_composition_sketch_abstract_art_0.jpg""}"
19,308d43feadd647ab85866ee961710615,"2025-07-16 17:59:03.847087",fetch_output,"{""path"": ""20250716_135740_a9334b/images/delicate_skin_tones_illustration_abstract_art_0.jpg""}"
20,4c8e8843e85046e59a580219e6162284,"2025-07-16 17:59:03.847714",fetch_output,"{""path"": ""20250716_135740_a9334b/images/quiet_introspection_abstract_art_0.jpg""}"
21,64b7f8b09e744d0faf13011fe4529676,"2025-07-16 17:59:03.848400",fetch_output,"{""path"": ""20250716_135740_a9334b/images/harmonious_color_palette_abstract_art_0.jpeg""}"
22,ae28b483bcb642d1a2463a925c9b4080,"2025-07-16 17:59:03.849104",fetch_output,"{""path"": ""20250716_135740_a9334b/images/antique_artistic_impression_abstract_art_0.jpg""}"
23,61eff832acfd43c181c6d2f1b27d0fca,"2025-07-16 17:59:17.741462",fetch_output,"{""path"": ""20250716_135740_a9334b/prompt.txt""}"
24,c06aa44280214b00ac9c5512d46c66f2,"2025-07-16 17:59:17.752871",fetch_output,"{""path"": ""20250716_135740_a9334b/lyrics.lrc""}"
25,34bcce7d53674f7aaeb8b0119e90c5e7,"2025-07-16 17:59:17.754344",fetch_output,"{""path"": ""20250716_135740_a9334b/lyrics.lrc""}"
26,3f04fb1d126f40ac82a54aafb8baddd8,"2025-07-16 17:59:35.002830",fetch_output,"{""path"": ""20250716_135740_a9334b/images/calm_and_mysterious_mood_abstract_art_0.jpg""}"
27,b3f761bc1078483f9a2ab8ee41b57eb2,"2025-07-16 17:59:35.007843",fetch_output,"{""path"": ""20250716_135740_a9334b/images/soft_sfumato_texture_abstract_art_0.jpg""}"
28,f55b0aa7f62a4425907231d3c25dd4ff,"2025-07-16 17:59:35.009217",fetch_output,"{""path"": ""20250716_135740_a9334b/images/timeless_elegance_abstract_art_0.jpg""}"
29,81f120d1f53b4c37856039c0bc64b9bb,"2025-07-16 17:59:35.010129",fetch_output,"{""path"": ""20250716_135740_a9334b/images/classical_portrait_style_abstract_art_0.jpg""}"
30,6da5329fea774000844bf488d1fff2a5,"2025-07-16 17:59:35.010946",fetch_output,"{""path"": ""20250716_135740_a9334b/images/subtle_facial_expression_animation_abstract_art_0.jpg""}"
31,daed0191339b4e2988cecb1c626f5949,"2025-07-16 17:59:35.011690",fetch_output,"{""path"": ""20250716_135740_a9334b/images/muted_earth_tones_abstract_art_0.jpg""}"
32,9b85e3ad6c834f2996bade8f91507a21,"2025-07-16 17:59:35.027230",fetch_output,"{""path"": ""20250716_135740_a9334b/images/enigmatic_smile_illustration_abstract_art_0.jpg""}"
33,a788cd1f69954d01a46326dd12205bb5,"2025-07-16 17:59:35.028695",fetch_output,"{""path"": ""20250716_135740_a9334b/images/gentle_chiaroscuro_abstract_art_0.jpg""}"
34,162133e8607e4ee198589f9efa46ea7c,"2025-07-16 18:00:37.738335",fetch_output,"{""path"": ""20250716_135740_a9334b/audio.wav""}"
35,6a85b53107a8469e8283b310b528b740,"2025-07-16 18:02:03.259391",fetch_output,"{""path"": ""20250716_135740_a9334b/audio.wav""}"
36,7cb5a9cf77d64efd9c128152c3849019,"2025-07-16 18:02:05.557174",fetch_output,"{""path"": ""20250716_135740_a9334b/audio.wav""}"
37,dd56cea0-e7b8-43ad-89b4-503fab52be37,"2025-07-16 18:02:08.545363",audio_play,{}
38,dd56cea0-e7b8-43ad-89b4-503fab52be37,"2025-07-16 18:02:42.775658",audio_seek,"{""to"": 46.27313254970326}"
39,dd56cea0-e7b8-43ad-89b4-503fab52be37,"2025-07-16 18:02:42.777712",audio_seek,"{""to"": 68.4371807353145}"
40,dd56cea0-e7b8-43ad-89b4-503fab52be37,"2025-07-16 18:02:42.779160",audio_seek,"{""to"": 92.39985786092757}"
41,dd56cea0-e7b8-43ad-89b4-503fab52be37,"2025-07-16 18:02:45.934683",audio_seek,"{""to"": 110.41618483582029}"
42,dd56cea0-e7b8-43ad-89b4-503fab52be37,"2025-07-16 18:02:45.936520",audio_seek,"{""to"": 120.54357154138987}"
43,dd56cea0-e7b8-43ad-89b4-503fab52be37,"2025-07-16 18:02:52.567709",audio_play,{}
44,dd56cea0-e7b8-43ad-89b4-503fab52be37,"2025-07-16 18:02:52.569759",audio_pause,{}
45,dd56cea0-e7b8-43ad-89b4-503fab52be37,"2025-07-16 18:02:52.571008",audio_play,{}
46,dd56cea0-e7b8-43ad-89b4-503fab52be37,"2025-07-16 18:02:52.572185",audio_pause,{}
47,6c257197121d40e6a371aefd03145196,"2025-07-16 18:02:55.006674",regenerate,"{""folder"": ""20250716_135740_a9334b"", ""prompt_len"": 229, ""lyrics_len"": 438}"
48,dd56cea0-e7b8-43ad-89b4-503fab52be37,"2025-07-16 18:02:58.003888",regenerate_click,"{""folder"": ""20250716_135740_a9334b""}"
49,b61254410a9248fda4c6c9674c180d47,"2025-07-16 18:04:15.734833",fetch_output,"{""path"": ""20250716_135740_a9334b/audio.wav""}"
50,d3014a3ff5f54f0c9defeb0300e37576,"2025-07-16 18:04:15.747525",fetch_output,"{""path"": ""20250716_135740_a9334b/audio.wav""}"
51,22901571cbba4ecd90276456cfd982b9,"2025-07-16 18:09:56.305686",fetch_output,"{""path"": ""20250716_135740_a9334b/audio.wav""}"
52,1ae9721f33ea406481ab83801b7e294d,"2025-07-16 18:09:56.310886",fetch_output,"{""path"": ""20250716_135740_a9334b/audio.wav""}"
53,dd56cea0-e7b8-43ad-89b4-503fab52be37,"2025-07-16 18:09:59.297310",audio_play,{}
54,dd56cea0-e7b8-43ad-89b4-503fab52be37,"2025-07-16 18:10:02.370624",audio_seek,"{""to"": 11.372863805107576}"
55,dd56cea0-e7b8-43ad-89b4-503fab52be37,"2025-07-16 18:10:02.371723",audio_seek,"{""to"": 19.929881957358457}"
56,dd56cea0-e7b8-43ad-89b4-503fab52be37,"2025-07-16 18:10:02.372441",audio_seek,"{""to"": 26.84252436092758}"
57,dd56cea0-e7b8-43ad-89b4-503fab52be37,"2025-07-16 18:10:02.373006",audio_seek,"{""to"": 36.695672884405056}"
58,dd56cea0-e7b8-43ad-89b4-503fab52be37,"2025-07-16 18:10:05.934703",audio_seek,"{""to"": 80.96093483783312}"
59,dd56cea0-e7b8-43ad-89b4-503fab52be37,"2025-07-16 18:10:05.936885",audio_seek,"{""to"": 100.17586293359683}"
60,dd56cea0-e7b8-43ad-89b4-503fab52be37,"2025-07-16 18:10:05.939065",audio_seek,"{""to"": 116.81285431471066}"
61,dd56cea0-e7b8-43ad-89b4-503fab52be37,"2025-07-16 18:10:05.940231",audio_pause,{}
62,dd56cea0-e7b8-43ad-89b4-503fab52be37,"2025-07-16 18:12:28.732385",activity_ping,{}
63,3167816f262d4706a86725a32a333529,"2025-07-16 18:14:20.902330",fetch_output,"{""path"": ""20250716_135740_a9334b/audio.wav""}"
64,dd56cea0-e7b8-43ad-89b4-503fab52be37,"2025-07-16 18:14:23.906575",audio_play,{}
65,dd56cea0-e7b8-43ad-89b4-503fab52be37,"2025-07-16 18:14:37.433514",audio_pause,{}
66,1bcbd70668cb46848213f31afa5759d2,"2025-07-16 18:20:53.065738",fetch_output,"{""path"": ""20250716_135740_a9334b/audio.wav""}"
67,dd56cea0-e7b8-43ad-89b4-503fab52be37,"2025-07-16 18:21:02.684138",toggle_music,"{""value"": false}"
68,dd56cea0-e7b8-43ad-89b4-503fab52be37,"2025-07-16 18:21:02.687374",toggle_images,"{""value"": false}"
69,b0b30bccdb42478891518b671ddaf50a,"2025-07-16 18:21:08.625827",generate,"{""modes"": ""tags"", ""folder"": ""20250716_142103_36f034"", ""latency"": 5.065231042099185}"
70,dd56cea0-e7b8-43ad-89b4-503fab52be37,"2025-07-16 18:21:08.633783",generate_click,"{""modes"": ""tags"", ""language"": ""en""}"
